{"cameraMode":{"drawMode":0,"name":"Shaded","section":"Shading Mode"},"sceneLighting":true,"audioPlay":false,"sceneViewState":{"m_AlwaysRefresh":false,"showFog":true,"showSkybox":true,"showFlares":true,"showImageEffects":true,"showParticleSystems":true,"showVisualEffectGraphs":true,"m_FxEnabled":true},"in2DMode":false,"pivot":{"x":4.140408515930176,"y":-1.5966782569885255,"z":15.902596473693848},"rotation":{"x":-0.33660924434661868,"y":0.3608950674533844,"z":-0.14156217873096467,"w":-0.8581449389457703},"size":28.297508239746095,"orthographic":false}