{"Spore_Data":[{"sporeName":"Gob","sporeTag":"currentPlayer","skillSlot0":"FungalMight","skillSlot1":"NoSkill","skillSlot2":"NoSkill","lvlPrimal":1,"lvlSpeed":1,"lvlSentience":1,"lvlVitality":1,"bodyColor":{"r":0.8901960849761963,"g":0.8705882430076599,"b":1.0,"a":0.0},"capColor":{"r":0.2594210207462311,"g":0.1689925193786621,"b":0.4433962106704712,"a":0.0}}]}